Booking ID,First Name,Last Name,Race,DOB,Address,Date Booked,Date Released
3883231282,Rodolfo,Jacobs,White,1953-12-27,5601 Demetrius Manors Island,2016-12-05,2016-21-05
4630129117,Esther,Cartwright,American Indian or Alaska Native,1952-10-27,588 Onie Villages Islands,2016-30-07,2016-27-08
7963120574,Damaris,Cole,Asian,1977-07-24,894 Herta Squares Forest,2016-12-05,2016-05-06
7765275018,Kole,Crist,White,1961-05-09,9509 Heathcote Hills Squares,2016-02-07,2016-19-07
5376225681,Calista,Pfannerstill,American Indian or Alaska Native,1961-09-08,1773 Kennedi Underpass Extensions,2016-18-03,2016-05-04
1745745694,Sonny,Maggio,Black or African American,1983-09-28,382 Alexanne Harbors Way,2016-25-08,2016-11-09
7583666652,Rylan,Herman,Black or African American,1959-12-07,2118 Irving Coves Pass,2016-09-03,2016-11-03
3196148724,Carmen,Daugherty,Black or African American,1976-09-30,8615 Nolan Circles Overpass,2016-02-05,2016-12-05
4132956524,Concepcion,Schiller,White,1960-04-17,3217 Purdy Spur Springs,2017-08-01,2017-22-01
5510846012,Shane,Hermann,Asian,1985-04-24,57225 Yesenia Wall Shore,2016-13-05,2016-11-06
7487946149,Daisy,Kub,Native Hawaiian or Other Pacific Islander,1983-07-12,698 Claudie Plaza Causeway,2016-19-03,2016-28-03
2365615239,Angela,Schultz,Asian,1992-10-26,3122 Percival Springs Prairie,2016-23-11,2016-10-12
3705134976,Ruby,Padberg,White,1956-08-17,36620 Tod Crossroad Course,2016-22-06,2016-20-07
3207747401,Sterling,Baumbach,Native Hawaiian or Other Pacific Islander,1992-05-08,98752 Auer Causeway Fork,2016-04-04,2016-26-04
8736915273,Jamaal,Fay,Native Hawaiian or Other Pacific Islander,1971-12-30,8658 Hettinger Prairie Inlet,2017-28-01,2017-04-02
6653106756,Rico,Kertzmann,Native Hawaiian or Other Pacific Islander,1979-09-04,81007 Ondricka Stravenue Heights,2016-07-03,2016-23-03
9745703620,Colby,Walker,White,1961-09-19,98431 Parker Stravenue Track,2016-05-09,2016-05-09
5096010541,Martin,Hodkiewicz,White,1973-09-09,9684 Dare Fall Station,2016-22-10,2016-09-11
8970431612,Turner,Auer,American Indian or Alaska Native,1992-02-25,330 Lukas Mill Fall,2016-06-09,2016-03-10
5619985493,Dolores,Considine,White,1962-12-19,4246 Christop Dam Village,2017-05-02,2017-20-02
7931492968,Willow,Lind,Native Hawaiian or Other Pacific Islander,1977-01-30,681 Barrett Islands Wells,2016-28-09,2016-04-10
4945353976,Libbie,Windler,Asian,1955-08-23,2422 Roob Courts Parkways,2017-23-01,2017-21-02
5335151827,Herminio,Lind,Asian,1966-04-21,4437 Wunsch Roads Extension,2016-18-04,2016-26-04
1578920034,Rusty,Yost,Native Hawaiian or Other Pacific Islander,1987-05-29,815 Bednar Prairie Field,2016-04-10,2016-02-11
4784613747,Sheila,Medhurst,Asian,1975-08-16,4410 Felicia Pike Vista,2016-19-06,2016-14-07
5744108665,Mariam,Wiza,Asian,1980-01-27,600 Royal Ports Flat,2016-19-09,2016-10-10
6397728239,Brooks,Carroll,Asian,1983-07-24,6161 Destini Port Plains,2016-05-03,2016-02-04
5109919952,Amina,Lang,American Indian or Alaska Native,1963-01-16,184 Walter Burg Corner,2016-30-09,2016-02-10
1533284330,Victor,Metz,American Indian or Alaska Native,1972-04-14,3505 Eleanora Squares Parkways,2016-21-03,2016-26-03
5506053736,Maiya,Emard,Native Hawaiian or Other Pacific Islander,1965-08-31,69659 Kling Via Vista,2016-09-09,2016-01-10
4766634034,Gilbert,Boyle,Black or African American,1955-12-12,445 Rick Harbors View,2016-30-08,2016-21-09
3612307293,Pink,Ebert,Asian,1991-06-29,516 Homenick Parks Circle,2016-06-08,2016-21-08
4488875451,Alphonso,Effertz,Black or African American,1988-07-23,25780 Ernser Ferry Mountain,2016-25-03,2016-27-03
1540754884,Willow,Lind,Native Hawaiian or Other Pacific Islander,1977-01-30,88294 Heaney Lights Stream,2016-29-07,2016-06-08
5201572431,Elian,Reynolds,Asian,1959-11-13,50414 Kayli Streets Ville,2016-25-11,2016-21-12
9812628033,Tre,Schuppe,American Indian or Alaska Native,1972-01-09,1409 Rodrigo Plain Island,2016-16-03,2016-24-03
6305652112,Marcelle,Rippin,Native Hawaiian or Other Pacific Islander,1953-06-26,50475 Koepp Loop Courts,2016-29-09,2016-14-10
2703390213,Maymie,Marks,Asian,1969-10-18,893 Farrell Canyon Oval,2016-13-12,2016-29-12
3497008443,Sofia,Brekke,White,1993-07-25,6025 Will Route Plains,2016-03-03,2016-13-03
7841154863,Dennis,Conn,Black or African American,1974-06-20,161 Heller Glen Stream,2016-27-04,2016-03-05
8298475875,Dameon,Boehm,Black or African American,1976-07-09,393 Koelpin Passage Isle,2016-15-07,2016-04-08
3832188194,Kyra,Jacobi,Asian,1991-03-22,299 Afton Trail Crest,2016-16-07,2016-10-08
2051782208,Miller,Kuhic,Asian,1993-12-22,25099 Stehr Parks Parkway,2016-22-08,2016-07-09
5495486169,Rosanna,Schultz,Native Hawaiian or Other Pacific Islander,1987-08-13,2796 Emmerich Shores Causeway,2017-06-01,2017-25-01
8224354481,Elvis,Homenick,Asian,1981-08-08,40792 Judge Summit Lakes,2016-18-11,2016-30-11
2618976130,Maymie,Marks,Asian,1969-10-18,13905 Tyshawn Mount Via,2016-27-06,2016-01-07
6374442606,Lonny,Kemmer,Black or African American,1953-06-20,11948 Spinka Glens Green,2016-19-11,2016-09-12
9169438920,Kyra,Jacobi,Asian,1991-03-22,4646 Lawson Canyon Port,2016-15-10,2016-15-10
9526993789,Nakia,Lang,American Indian or Alaska Native,1972-12-28,6260 Hartmann Track Tunnel,2016-21-12,2017-10-01
1340614373,Kaylah,Murazik,Native Hawaiian or Other Pacific Islander,1978-03-24,256 Gardner Wall Stream,2017-26-01,2017-28-01
8849511897,Pink,Ebert,Asian,1991-06-29,14604 Kiehn Tunnel Plains,2016-16-12,2016-29-12
8138405215,Kara,Rowe,White,1957-01-05,332 Olson Stream Gateway,2017-10-01,2017-20-01
6395439299,Lucile,Leuschke,Asian,1980-09-10,6505 Johnston Forge Heights,2016-27-05,2016-16-06
2627403337,Jovany,Kling,Black or African American,1953-04-13,827 Stark Stream Park,2016-06-10,2016-11-10
3142275806,Evie,Towne,Black or African American,1973-08-26,912 Keyshawn Junction Mews,2016-22-06,2016-18-07
7789325356,Marquis,Wyman,White,1970-06-19,5425 Pfannerstill Keys Burg,2016-06-08,2016-23-08
5975574208,Paige,Rice,White,1979-05-21,112 Jack Road Lock,2016-04-10,2016-14-10
8459618585,Shane,Hermann,Asian,1985-04-24,28559 Boyd Summit Drive,2016-02-04,2016-21-04
5545571324,Mary,Morissette,Asian,1976-01-14,282 Padberg Station Creek,2016-03-10,2016-17-10
7393956991,Virgie,Kassulke,American Indian or Alaska Native,1963-12-17,21462 Gleichner Trace Avenue,2016-05-03,2016-23-03
5809361663,Urban,Lynch,White,1956-05-21,81787 Shields Ports Fort,2016-29-11,2016-10-12
6815633583,Pamela,Mayert,American Indian or Alaska Native,1993-12-09,35510 Eichmann Skyway Estates,2016-25-03,2016-01-04
8752070118,Kieran,Mohr,Black or African American,1986-10-08,190 Chaz Key Lake,2016-22-10,2016-15-11
6679805083,Conrad,Friesen,Native Hawaiian or Other Pacific Islander,1991-08-22,20763 Casper Pines Ramp,2016-14-03,2016-02-04
9939406069,Abbie,Gibson,Black or African American,1984-10-19,557 Gottlieb Loop Burg,2016-13-08,2016-02-09
9849027618,Dayton,Donnelly,American Indian or Alaska Native,1985-09-18,65417 Bert Ports Shoals,2016-20-09,2016-14-10
3067488512,Madeline,Johnston,Asian,1956-01-18,96835 Irwin Loaf Viaduct,2016-09-09,2016-27-09
4713828925,Dee,Rippin,Native Hawaiian or Other Pacific Islander,1994-01-27,16273 Alejandra Meadows Harbor,2017-17-01,2017-17-01
2601038821,Franco,Pfeffer,White,1953-06-20,44569 Tromp Ridge Spring,2017-09-02,2017-02-03
6269498168,Anais,Spencer,Asian,1976-08-08,714 Kris Centers Junctions,2016-26-10,2016-27-10
8424114046,Daryl,Welch,White,1957-01-14,21535 Jast Corners Run,2016-31-03,2016-06-04
5828278767,Lauriane,Jenkins,Asian,1986-12-05,7892 Corine Track Pike,2016-22-03,2016-29-03
9502718633,Jeffrey,Littel,White,1975-02-07,2904 Deckow Club Villages,2017-16-02,2017-05-03
5111427005,Stanton,Runolfsson,White,1956-10-19,749 Koelpin Road Lodge,2016-29-08,2016-22-09
1328454789,Mervin,Hane,Native Hawaiian or Other Pacific Islander,1953-04-06,6155 Lilliana Roads Common,2016-06-06,2016-12-06
2244102007,Arvilla,Rogahn,Asian,1954-07-11,607 Zoey Forges Coves,2016-19-06,2016-17-07
9898720074,Elmo,Dare,Native Hawaiian or Other Pacific Islander,1966-11-06,2979 Esperanza Forge Loaf,2016-29-12,2017-18-01
4507674082,Abner,Durgan,White,1991-04-02,1044 Lazaro Park Highway,2017-30-01,2017-09-02
1269211842,Jennyfer,Halvorson,Asian,1969-06-19,313 Gibson Courts Place,2016-09-12,2016-10-12
1697483366,Caroline,Grant,White,1984-09-01,737 Ledner Station Cape,2017-15-02,2017-16-02
1834375710,Catalina,Hamill,American Indian or Alaska Native,1979-09-17,88369 Cara Fort Turnpike,2016-14-07,2016-18-07
3680792009,Chanelle,Goldner,American Indian or Alaska Native,1971-08-13,59399 Lue Mill Bridge,2016-29-10,2016-31-10
2485398032,Russ,Zemlak,American Indian or Alaska Native,1987-03-30,88941 MacGyver Mews Route,2016-04-10,2016-01-11
2605795031,Lucile,Leuschke,Asian,1980-09-10,85603 Brett Canyon Gateway,2016-08-07,2016-19-07
4456392783,Cordell,Watsica,Black or African American,1960-12-25,1757 Winnifred Place Port,2016-02-08,2016-11-08
7453711054,Rachel,Huel,Native Hawaiian or Other Pacific Islander,1989-02-05,91019 Cynthia Summit Squares,2016-17-09,2016-27-09
9149231674,Bryon,Grimes,Black or African American,1974-06-23,34580 Paucek Curve Summit,2016-20-12,2016-30-12
2642774677,Mireille,Stoltenberg,Asian,1960-08-03,67154 Gaylord Cliffs Ford,2016-18-07,2016-04-08
7029429175,Virginie,Lindgren,Black or African American,1957-11-25,767 Claudia Ports Brook,2016-22-12,2017-03-01
9734421648,Hal,Ortiz,American Indian or Alaska Native,1958-05-19,741 Quentin Dam Extension,2016-28-03,2016-18-04
2474599004,Keagan,Pfeffer,Black or African American,1962-12-21,9019 Wilderman Vista Summit,2016-21-10,2016-27-10
8150213440,Gaylord,Batz,White,1982-11-28,3121 Bahringer Spring Corner,2016-17-12,2016-22-12
4496291666,Elnora,Stiedemann,White,1984-10-12,312 Kathlyn Locks Falls,2016-04-10,2016-18-10
7073408754,Karine,Donnelly,Asian,1978-03-12,2911 Titus Walk Islands,2016-31-05,2016-06-06
2529155964,Okey,Wyman,Native Hawaiian or Other Pacific Islander,1954-12-09,788 Kilback Course Crescent,2017-22-01,2017-20-02
5642809771,Alex,Mante,Native Hawaiian or Other Pacific Islander,1992-08-22,8282 Runolfsdottir Greens Neck,2017-03-01,2017-21-01
7826051679,Elaina,Langosh,Asian,1978-11-21,705 Bins Loaf Course,2017-03-01,2017-26-01
7806977370,Makenna,Beier,Native Hawaiian or Other Pacific Islander,1960-10-24,406 DuBuque Circles Knoll,2016-28-09,2016-02-10
3600134307,Walter,Becker,Asian,1968-03-12,702 Kennith Place Springs,2016-23-12,2017-10-01
3700305403,Morgan,Boehm,White,1968-11-02,117 Abbott Coves Hill,2016-03-12,2016-14-12
4954678718,Clarabelle,Christiansen,American Indian or Alaska Native,1958-07-18,1893 Medhurst Burg Locks,2016-21-03,2016-04-04
3615927904,Keith,Oberbrunner,Asian,1981-10-17,911 Ankunding Stream Road,2016-16-03,2016-07-04
5402316895,Alva,Morissette,Asian,1965-08-20,453 Darrin Rue Spurs,2016-07-10,2016-26-10
8534394673,Jeremy,Sipes,American Indian or Alaska Native,1971-01-04,931 Nicole Village Ranch,2017-18-01,2017-06-02
7199617008,Antonette,Weissnat,Asian,1976-09-23,448 Witting Union Forest,2016-09-10,2016-29-10
1836493328,Frederic,Brekke,Native Hawaiian or Other Pacific Islander,1968-04-17,39708 Zachery Meadows Trail,2016-03-12,2016-18-12
2014335532,Amanda,Schmitt,Native Hawaiian or Other Pacific Islander,1955-06-01,47636 Morissette Fork Corners,2016-03-03,2016-09-03
8516451344,Verona,Pacocha,Native Hawaiian or Other Pacific Islander,1976-02-01,7924 Simonis Neck Plain,2016-23-03,2016-06-04
1787041139,Hal,Ortiz,American Indian or Alaska Native,1958-05-19,91811 Gregoria Orchard Plains,2016-19-05,2016-05-06
4286145824,Adriana,Bogisich,Native Hawaiian or Other Pacific Islander,1968-10-08,118 Mayer Neck Roads,2016-14-04,2016-11-05
2335319636,Donald,Nolan,Black or African American,1957-08-17,37383 Cassin Mount Light,2016-01-06,2016-17-06
3749163603,Jovanny,Leuschke,White,1977-09-27,4789 Pollich Groves Locks,2016-23-09,2016-16-10
1053757592,Brielle,Wehner,Black or African American,1976-03-23,42550 Chaz Port Skyway,2016-30-03,2016-24-04
5402782048,Serena,Lang,Black or African American,1964-10-04,61510 Addison Views Inlet,2016-15-06,2016-08-07
9859425681,Herminio,Lind,Asian,1966-04-21,90466 Heathcote Course Flat,2016-20-12,2016-29-12
5752111327,Michelle,Harvey,White,1979-12-04,150 Cassidy Hollow Dale,2016-04-05,2016-17-05
8633545845,Jarrell,Cummerata,White,1989-03-11,977 Goodwin Isle Crossroad,2017-16-01,2017-25-01
2190355538,Eldon,Quigley,Asian,1960-12-03,6429 Felix Trail Lake,2016-20-09,2016-02-10
4930399551,Nakia,Lang,American Indian or Alaska Native,1972-12-28,690 Senger Crossing Radial,2016-01-10,2016-09-10
7579616041,Lizzie,Zboncak,Black or African American,1962-08-21,61596 Elenora Turnpike Wall,2016-28-03,2016-11-04
6279580789,Hal,Ortiz,American Indian or Alaska Native,1958-05-19,405 Schaden Square Causeway,2016-29-11,2016-05-12
5479127944,Martine,Ledner,Asian,1971-03-09,64995 Madyson Skyway Tunnel,2016-30-08,2016-08-09
4001399401,Allison,Bahringer,Black or African American,1954-11-04,63106 Fadel Throughway Springs,2016-21-08,2016-11-09
4062532883,Waino,Reinger,American Indian or Alaska Native,1988-10-20,50552 Arturo Overpass Parkways,2016-14-06,2016-27-06
7227537045,Dane,Hauck,American Indian or Alaska Native,1974-11-26,849 Daniel Lakes Ridge,2016-06-11,2016-05-12
2783001487,Mckayla,Willms,Native Hawaiian or Other Pacific Islander,1985-05-10,4355 Romaguera Tunnel Fields,2016-14-08,2016-31-08
6051111120,Mercedes,Kirlin,American Indian or Alaska Native,1984-03-11,875 Crist Drive Circles,2016-26-05,2016-07-06
5713441988,Rosemary,Stokes,American Indian or Alaska Native,1966-07-21,31711 Geovanni Shores Inlet,2016-07-05,2016-16-05
5494472681,Casper,Feil,White,1981-07-19,1091 Douglas Club Locks,2016-12-10,2016-15-10
3741281292,Mossie,Bartell,Black or African American,1978-08-10,3074 Okuneva Heights Circles,2016-31-10,2016-18-11
2947823846,Karoline,Grant,White,1984-09-01,737 Ledner Station Cape,2016-31-10,2016-18-11
2983298384,Amanda,Schmit,Native Hawaiian or Other Pacific Islander,1955-06-01,47636 Morissette Fork Corners,2016-14-04,2016-11-05
1002948282,Makenna,Beer,Native Hawaiian or Other Pacific Islander,1960-10-24,406 DuBuque Circles Knoll,2016-03-12,2016-18-12
2838899111,Angie,Schultz,Asian,1992-10-26,3122 Percival Springs Prairie,2016-28-09,2016-02-10
9938818837,Jamal,Fay,Native Hawaiian or Other Pacific Islander,1971-12-30,8658 Hettinger Prairie Inlet,2016-21-03,2016-04-04
1000110028,Dolores,Smith,White,1962-12-19,4246 Christop Dam Village,2017-22-01,2017-20-02
3885777222,Caroline,Jones,White,1984-09-01,737 Ledner Station Cape,2016-21-03,2016-04-04
1088444411,Alexandra,Sparr,Native Hawaiian or Other Pacific Islander,1992-08-22,8282 Runolfsdottir Greens Neck,2016-14-07,2016-18-07
